"chr","pos","p_value","fdr"
"NC_035780.1","916879","1.68802852667659e-07","0.0222830565745293"
"NC_035780.1","9100077","4.54516757169829e-08","0.0106008555035004"
"NC_035780.1","9338732","7.18265761339168e-07","0.0332378921260125"
"NC_035780.1","9339399","8.76436629322837e-07","0.0366737309034946"
"NC_035780.1","25920097","4.23672099116038e-07","0.0264843794781157"
"NC_035780.1","29350517","2.82284656639063e-07","0.0251013771907541"
"NC_035780.1","30271015","1.63553897250679e-06","0.049595884153657"
"NC_035780.1","33597596","8.26782328671467e-07","0.0356605972177141"
"NC_035780.1","38350168","1.45403022510489e-06","0.0466836810391444"
"NC_035780.1","42922168","1.02253669908048e-06","0.0394283135509531"
"NC_035780.1","53814607","1.5310319429679e-06","0.0479235216107181"
"NC_035780.1","60040532","5.45995429560088e-07","0.0289801414150263"
"NC_035781.1","5344717","6.60532294391391e-07","0.0318340822125142"
"NC_035781.1","8455830","3.15336281361021e-07","0.0253365152347339"
"NC_035781.1","8669878","7.82010050118806e-07","0.0346993061930591"
"NC_035781.1","9187325","1.55822458732346e-07","0.0215698337272084"
"NC_035781.1","9218326","5.06620529548794e-07","0.0280591041018853"
"NC_035781.1","9385357","1.13480079360102e-06","0.0413983593822233"
"NC_035781.1","9407542","1.20186053129839e-06","0.0425379063812415"
"NC_035781.1","13661707","7.89938708583874e-08","0.0145409059791106"
"NC_035781.1","20834335","1.56195313597471e-07","0.0215919167635622"
"NC_035781.1","20834349","3.82178370125174e-08","0.00993765253330174"
"NC_035781.1","26575952","8.60346571320049e-07","0.0363508189438265"
"NC_035781.1","26575976","7.09343356617677e-08","0.0135405761691767"
"NC_035781.1","26663248","1.2717234216113e-08","0.00448072853209322"
"NC_035781.1","33552924","8.73477392520591e-07","0.0366147020432317"
"NC_035781.1","35378916","5.00888117180351e-07","0.0279319269873829"
"NC_035781.1","35456710","1.10641759299152e-06","0.0409086860302134"
"NC_035781.1","36616854","4.12975406651602e-07","0.0263258381615728"
"NC_035781.1","52866363","1.42120838187493e-06","0.0461525315160001"
"NC_035781.1","52866651","2.93231050445083e-08","0.00909704517320265"
"NC_035781.1","54352986","1.31478944117061e-06","0.0444156184386967"
"NC_035782.1","25101652","4.22032522377231e-08","0.0102958584238763"
"NC_035782.1","32294148","4.42565685121972e-07","0.0267899440860497"
"NC_035782.1","32832577","1.12240800537297e-06","0.0411851581966617"
"NC_035782.1","33180546","1.55087461227752e-07","0.0215260129136724"
"NC_035782.1","41159679","6.1244417600198e-07","0.0306308167522142"
"NC_035782.1","46617844","1.11707805659408e-06","0.0410931811324791"
"NC_035782.1","47415052","3.94374520893062e-07","0.0260752486622302"
"NC_035782.1","52335292","4.44827929320841e-07","0.0268286954626244"
"NC_035782.1","52737634","5.82164294851552e-07","0.029871377217852"
"NC_035783.1","8831831","1.59766650118253e-06","0.0489909248515461"
"NC_035783.1","10223712","1.50768748037903e-06","0.0475484608607296"
"NC_035783.1","11950022","4.80052982274712e-07","0.0274904903388252"
"NC_035783.1","12097588","4.07630584987198e-07","0.0262505662298833"
"NC_035783.1","13962426","1.25204928394345e-06","0.0433778154374708"
"NC_035783.1","15106506","6.01902632714363e-09","0.00364006249960707"
"NC_035783.1","15106507","6.01902632714363e-09","0.00364006249960707"
"NC_035783.1","17789050","7.72630927529276e-08","0.0143277968994475"
"NC_035783.1","18041038","2.60558598858132e-10","0.00364006249960707"
"NC_035783.1","19932772","1.37782875378206e-07","0.020376924617498"
"NC_035783.1","19932774","6.52401450856159e-07","0.0316320127367881"
"NC_035783.1","19932795","1.14068864401325e-06","0.0414993408514669"
"NC_035783.1","19935361","1.48682632603896e-07","0.0211275210987551"
"NC_035783.1","20230726","1.49086726894617e-06","0.047277802753948"
"NC_035783.1","20706106","5.03389964317914e-07","0.027987162461783"
"NC_035783.1","21509288","1.4178458972511e-06","0.046098012134458"
"NC_035783.1","25267378","4.00801755213305e-07","0.0261582290724422"
"NC_035783.1","50817926","2.60604381439593e-07","0.0248870932712407"
"NC_035784.1","1845729","6.41105249119518e-08","0.0126904315452141"
"NC_035784.1","1845738","6.7920423917759e-09","0.00364006249960707"
"NC_035784.1","1845753","8.31617053512637e-08","0.0150481373867186"
"NC_035784.1","9093081","7.49374430408885e-07","0.0339645168447491"
"NC_035784.1","9113417","1.72138214657415e-07","0.0224487540297194"
"NC_035784.1","10648554","4.88241070336744e-07","0.0276597448579184"
"NC_035784.1","10924896","6.4720851464875e-07","0.0315025595893634"
"NC_035784.1","12612030","8.53467132870931e-07","0.0362112445604765"
"NC_035784.1","13147035","3.23404902807356e-10","0.00364006249960707"
"NC_035784.1","16552716","5.75957226964166e-07","0.0297166706583644"
"NC_035784.1","16552962","8.3642486938556e-07","0.0358613341584113"
"NC_035784.1","21405004","1.45388635501924e-06","0.0466813566785102"
"NC_035784.1","21405068","9.05335959300064e-07","0.0372422264927162"
"NC_035784.1","24177239","1.61897675271055e-06","0.0493314570136915"
"NC_035784.1","25218914","3.04950820898836e-07","0.025265574109883"
"NC_035784.1","28815553","4.39356633383619e-08","0.010456676794413"
"NC_035784.1","29364657","1.53877352874067e-06","0.0480477619291887"
"NC_035784.1","39887057","6.96497475977745e-08","0.0133800489728667"
"NC_035784.1","40058429","5.68864680652061e-07","0.0295405999966458"
"NC_035784.1","45806629","1.52094994839582e-06","0.0477616197712374"
"NC_035784.1","56340446","1.04647200790447e-06","0.0398564801204268"
"NC_035784.1","57489419","1.93913937535577e-07","0.0233705227146028"
"NC_035784.1","87521924","2.49839955311494e-07","0.0247418687612994"
"NC_035785.1","14673302","3.95242480997099e-07","0.0260862326893433"
"NC_035786.1","5056155","6.53208516352562e-07","0.0316521054156678"
"NC_035786.1","53074020","1.43600143547003e-06","0.0463921490449144"
"NC_035786.1","57124321","5.82459156781255e-07","0.0298787387272763"
"NC_035787.1","15951079","3.4368591500765e-07","0.0255491340289996"
"NC_035787.1","42758910","1.25702710431305e-06","0.0434606131959386"
"NC_035787.1","47633616","7.78031176356249e-07","0.0346113262130802"
"NC_035787.1","53435739","1.61762716230763e-06","0.0493099012275021"
"NC_035788.1","78841694","1.27844641387788e-07","0.0196069563375333"
"NC_035788.1","78863726","1.32055922048761e-06","0.0445104772104149"
"NC_035789.1","3748919","7.97403910967595e-07","0.035035588348619"
"NC_035789.1","3749401","2.46616652329525e-08","0.00846029353058547"
"NC_035789.1","3749410","3.26287806700019e-07","0.0254139756064996"
"NC_035789.1","11336970","9.77568801875901e-07","0.0386089455359865"
